name,price,image-src
Mini Wireless Bluetooth 4.1 Stereo Sports Headset Earphone Handfree Earbuds MIC,$1.99 to $2.49,https://ir.ebaystatic.com/pictures/aw/pics/s_1x2.gif
I9S TWS Wireless Bluetooth Earbud Earphone For iOS Android iphone X 9 8,$19.99 ,https://ir.ebaystatic.com/pictures/aw/pics/s_1x2.gif
For Samsung GALAXY S6 i9800 S6 Edge Headphone Headset Earphone Original,$1.28 ,https://ir.ebaystatic.com/pictures/aw/pics/s_1x2.gif
Mini Wireless Ear Micro Earpiece Bluetooth Headset Earphone Cordless Car Phone,$0.99 to $3.95,https://ir.ebaystatic.com/pictures/aw/pics/s_1x2.gif
Stereo 3.5mm Piston In-Ear Earphone Headphone Remote Mic For iPhone Samsung HTC,$0.99 to $1.99,https://ir.ebaystatic.com/pictures/aw/pics/s_1x2.gif
Metal Stereo Headphone Bass Earphone Sport Headset Hands Free Earbuds With Mic,$0.75 to $2.54,https://ir.ebaystatic.com/pictures/aw/pics/s_1x2.gif
Wireless Bluetooth 4.0 Stereo HeadSet Handsfree Earphone For iPhone Samsung LG,$1.99 ,https://ir.ebaystatic.com/pictures/aw/pics/s_1x2.gif
In-ear white earphone mic volume control for iphone 6 6s plus 5 5s new,$1.45 ,https://ir.ebaystatic.com/pictures/aw/pics/s_1x2.gif
SAMSUNG For AKG Earphones Earbuds S9+ Note 8 S9 Galaxy Mic HEADSET Headphones,$0.71 to $1.35,https://ir.ebaystatic.com/pictures/aw/pics/s_1x2.gif
Gym Wireless Bluetooth Earbud Headset In-Ear Earphone Stereo For iPhone Android,$6.44 ,https://ir.ebaystatic.com/pictures/aw/pics/s_1x2.gif
Universal I7S TWS Wireless Earbuds Bluetooth Earphones Headset + Charging Box,$5.69 to $6.31,https://ir.ebaystatic.com/pictures/aw/pics/s_1x2.gif
Bluetooth Wireless Earbud Headset In Ear Earphone For Android iPhone X 8 7 Plus,$7.57 to $9.39,https://i.ebayimg.com/thumbs/images/m/mUrPd6NgAsUtNk-5nsTvMYQ/s-l225.jpg
Wireless Earbud Headset Bluetooth 4.1 Earphone Mini Earphone Headphone Universal,$4.69 ,https://i.ebayimg.com/thumbs/images/m/mC-fVC04Rb5E5n7GI3eLeyA/s-l225.jpg
HBQ-I7 Wireless Bluetooth Stereo Earphone Headphone Headset For iPhone Android,$2.44 to $2.98,https://ir.ebaystatic.com/pictures/aw/pics/s_1x2.gif
i7S TWS Twins True Wireless Bluetooth Stereo In-Ear Headset Earphone Earbuds LOT,$0.99 to $7.89,https://ir.ebaystatic.com/pictures/aw/pics/s_1x2.gif
Universal wire Stereo Headset Sport In-ear style Earphone Handfree Headphone AY1,$0.99 to $1.63,https://ir.ebaystatic.com/pictures/aw/pics/s_1x2.gif
1X 3.5mm In-ear For XIAOMI Piston3 Piston III Headset Earbuds Headphone W/Remote,$2.19 ,https://ir.ebaystatic.com/pictures/aw/pics/s_1x2.gif
3.5mm In-Ear Earphones Bass Stereo Headphones Headset Earbuds With Microphone,$2.59 ,https://ir.ebaystatic.com/pictures/aw/pics/s_1x2.gif
Universal I7S TWS Wireless Earbuds Bluetooth Earphones Headset + Charging Box,$6.28 to $6.64,https://ir.ebaystatic.com/pictures/aw/pics/s_1x2.gif
3.5mm In-ear Headphone Stereo Earbuds Earphone Headset for Samsung mi iPhone sx,$1.59 to $1.79,https://ir.ebaystatic.com/pictures/aw/pics/s_1x2.gif
Sweatproof Headphones Wireless Bluetooth Sport Earphones Stereo Headset With Mic,$2.49 to $6.55,https://ir.ebaystatic.com/pictures/aw/pics/s_1x2.gif
Mini True Wireless Sport Earphones Bluetooth Earbuds Twins In-Ear Stereo Headset,$13.44 to $21.39,https://i.ebayimg.com/thumbs/images/m/mrjGeFVeKaIW59kKMjVZy2A/s-l225.jpg
Cool Bluetooth4.2 Stereo Earphone Headset Wireless Magnetic Earbud For All Phone,$1.13 to $3.79,https://i.ebayimg.com/thumbs/images/m/mpo7I8uCx_UfG5gUMBOHIXQ/s-l225.jpg
Mini Wireless Bluetooth 4.0 Stereo In-Ear Headset Earphone For Universal Phone,$0.76 to $2.50,https://ir.ebaystatic.com/pictures/aw/pics/s_1x2.gif
Mini Wireless Bluetooth 4.1 Stereo In-Ear Headset Earphone for Samsung iPhone,$2.99 to $3.19,https://ir.ebaystatic.com/pictures/aw/pics/s_1x2.gif
Stereo Piston 3 III In-ear Headphone Earphone Headset With Remote Mic For Xiaomi,$3.36 ,https://ir.ebaystatic.com/pictures/aw/pics/s_1x2.gif
3.5mm In-ear Stereo Earbuds Headphone Earphone Headset for Phone MP4 MP3 N5E8,$0.71 ,https://ir.ebaystatic.com/pictures/aw/pics/s_1x2.gif
Original Samsung AKG Earphones Headset Galaxy s6 s8 s8 + s9 Note 8 a3 a5,$5.48 ,https://ir.ebaystatic.com/pictures/aw/pics/s_1x2.gif
In-Ear Headset Earphone Headphone Handfree Mic For Samsung S6 S5 S4 Note 2 3,$1.39 to $1.59,https://ir.ebaystatic.com/pictures/aw/pics/s_1x2.gif
OEM Samsung AKG Earphones Headphones Headset Galaxy S6 S7 S8 S8+ S9 Note 8 A3 A5,$6.63 ,https://ir.ebaystatic.com/pictures/aw/pics/s_1x2.gif
White Earphones Earbuds Headphone Mic for Apple EarPods iPhone 5 5s 6s 6 Plus,$1.62 ,https://ir.ebaystatic.com/pictures/aw/pics/s_1x2.gif
Original Headset Earphone Headphone With Mic For Samsung GALAXY S6 i9800 S6 Edge,$1.51 ,https://ir.ebaystatic.com/pictures/aw/pics/s_1x2.gif
I7S TWS Camo In-Ear Earbuds Wireless Stereo Ear Mini Bluetooth Headset Earphone,$9.97 ,https://ir.ebaystatic.com/pictures/aw/pics/s_1x2.gif
3.5mm In-ear Stereo Earbuds Headphone Earphone Headset for Phone MP4 MP3 B6H4,$0.71 ,https://ir.ebaystatic.com/pictures/aw/pics/s_1x2.gif
Wireless Sports Stereo Earphone Headset For Pad iPhone 8 X Samsung S9 HTC Huawei,$0.99 to $2.25,https://ir.ebaystatic.com/pictures/aw/pics/s_1x2.gif
I7s TWS True Cuffie Auricolari Bluetooth4.2 Wireless Auricolari Musica Handsfree,$6.54 ,https://ir.ebaystatic.com/pictures/aw/pics/s_1x2.gif
3.5mm With Mic Super Bass Music In ear Stereo Headphone Headset Earphone Earbuds,$1.51 ,https://i.ebayimg.com/thumbs/images/m/mGM6kpzg3Aog6ME-cRjd0Ug/s-l225.jpg
Wireless Bluetooth Headset Silicone Protect Cover for Apple Airpod Charging Case,$0.99 to $1.29,https://ir.ebaystatic.com/pictures/aw/pics/s_1x2.gif
Original Headset Earphones Mic For Samsung Galaxy S7 Edge Note 9 5 8 S8 S9 Plus,$3.98 ,https://ir.ebaystatic.com/pictures/aw/pics/s_1x2.gif
Mini Wireless Earphone Bluetooth Headset Sports Earbuds For iPhone Samsung Hot,$6.13 ,https://ir.ebaystatic.com/pictures/aw/pics/s_1x2.gif
3.5mm With Mic Super Bass Music In-ear Stereo Headphone Headset Earphone Earbuds,$1.99 ,https://ir.ebaystatic.com/pictures/aw/pics/s_1x2.gif
New XIAOMI Piston3 Piston Headset earbuds earphone W/Remote & Mic Black,$4.26 ,https://ir.ebaystatic.com/pictures/aw/pics/s_1x2.gif
3.5mm In-Ear Earphones Bass Stereo Headphones Headset Earbuds With Remote Mic,$0.99 ,https://ir.ebaystatic.com/pictures/aw/pics/s_1x2.gif
Magnet Wireless Bluetooth Sports Earphone Headset Headphone For iPhone Samsung,$4.08 ,https://ir.ebaystatic.com/pictures/aw/pics/s_1x2.gif
10pcs In-Ear Headset Earphone Headphone Earbud+Mic for Samsung Galaxy,$7.05 ,https://ir.ebaystatic.com/pictures/aw/pics/s_1x2.gif
3.5mm In-ear Handfree Headset Earphone for Original Samsung GALAXY S4 I9500,$0.71 to $1.24,https://ir.ebaystatic.com/pictures/aw/pics/s_1x2.gif
i7S Dual Wireless Bluetooth Earbud Headset In-Ear Earphone for Android System,$7.14 ,https://ir.ebaystatic.com/pictures/aw/pics/s_1x2.gif
Hot Premium Headset Handsfree Earphone For Samsung Galaxy S6 Edge Universal,$0.92 ,https://ir.ebaystatic.com/pictures/aw/pics/s_1x2.gif
Portable In Ear HANDSFREE HEADSET Earphone Earbuds FOR mobile phone PC Set js-au,$0.71 ,https://ir.ebaystatic.com/pictures/aw/pics/s_1x2.gif
OEM Original Samsung Galaxy S6 S7 Edge S8 S9 + Note 8 Headset Earphone Earbud,$4.49 ,https://ir.ebaystatic.com/pictures/aw/pics/s_1x2.gif
Wireless Bluetooth 4.1 Stereo HeadSet Handsfree Earphone For iPhone X 8 7 Plus,$0.71 to $1.59,https://ir.ebaystatic.com/pictures/aw/pics/s_1x2.gif
Universal 3.5mm Piston In-Ear Stereo Earbuds Earphone Headset Headphone,$0.98 to $1.13,https://ir.ebaystatic.com/pictures/aw/pics/s_1x2.gif
Wireless Bluetooth Foldable Headset Stereo Headphone Earphone for iPhone Samsung,$3.79 to $14.24,https://i.ebayimg.com/thumbs/images/m/mmeSc0RB3SOYPIaLUuvjVrA/s-l225.jpg
3.5mm  Earbuds In-Ear Earphone Headphone Handsfree Headset for Xiaomi IPhone,$1.03 ,https://ir.ebaystatic.com/pictures/aw/pics/s_1x2.gif
Universal 4.1 Bluetooth Wireless Stereo Earphone Earbuds Sport Headphone Headset,$1.08 to $4.29,https://ir.ebaystatic.com/pictures/aw/pics/s_1x2.gif
White Headset Earphone Headphone Handfree Mic For Samsung S6 S5 S4 Note 2 3 HG,$0.99 ,https://ir.ebaystatic.com/pictures/aw/pics/s_1x2.gif
Original Earphone Headset Earbud Handsfree For Samsung S9 S8 S7/6 edge Note 8/5,$2.96 ,https://ir.ebaystatic.com/pictures/aw/pics/s_1x2.gif
Headset in-ear earphone handsfree with mic for samsung S7 S8 S6 edge note 4~edge,$0.71 ,https://ir.ebaystatic.com/pictures/aw/pics/s_1x2.gif
Earpods Wireless Earbuds Bluetooth Headphones For Apple iPhone  6 7 8 X 2018,$19.99 ,https://ir.ebaystatic.com/pictures/aw/pics/s_1x2.gif
Original Xiaomi Phone Piston 3 Earphone Headphone Headset Remote MicrophoneHotly,$4.29 ,https://ir.ebaystatic.com/pictures/aw/pics/s_1x2.gif
Universal Stereo 3.5mm in-Ear Earphone Earbuds Headphone with Mic Zipper Headset,$0.75 to $1.79,https://ir.ebaystatic.com/pictures/aw/pics/s_1x2.gif
New Skullcandy Supreme Sound Ink'd 2.0 IN-Ear Earphone Bass Stereo Headset W mic,$1.00 to $3.99,https://ir.ebaystatic.com/pictures/aw/pics/s_1x2.gif
Mini Wireless Bluetooth 4.1 Stereo In-Ear Earbud Headset Earphone Earpiece Mic,$0.71 to $1.85,https://ir.ebaystatic.com/pictures/aw/pics/s_1x2.gif
TWS Wireless Bluetooth Earphone Stereo Earbud Headset Headphone w/Charging Box,$0.99 to $7.49,https://ir.ebaystatic.com/pictures/aw/pics/s_1x2.gif
Stereo Bluetooth Wireless Headset Headphone Earphone Sport Handfree Universal,$4.03 ,https://ir.ebaystatic.com/pictures/aw/pics/s_1x2.gif
Bluetooth Wireless Headset Stereo Headphone Earphone Sport Handsfree Universal T,$2.89 to $11.49,https://ir.ebaystatic.com/pictures/aw/pics/s_1x2.gif
In-Ear Razer Hammerhead Pro V2 Gaming Headset PC Laptop Music earphone With Mic,$15.99 to $21.99,https://ir.ebaystatic.com/pictures/aw/pics/s_1x2.gif
Wireless Magnet Headset Bluetooth Sport Earphone Headphone For iPhone Samsung LG,$3.06 ,https://i.ebayimg.com/thumbs/images/m/mdRj1sbf3f5f6CKwP4k4Hog/s-l225.jpg
Mini Sport Wireless Bluetooth 4.0 Stereo In-Ear Headphone Earphone For All Phone,$0.71 to $2.14,https://ir.ebaystatic.com/pictures/aw/pics/s_1x2.gif
Dual Wireless Bluetooth Earbuds Headset In-Ear Earphone for iPhone X 8 7 Android,$7.63 ,https://ir.ebaystatic.com/pictures/aw/pics/s_1x2.gif
i7S TWS Wireless Bluetooth Stereo Mini Headphones Earphones for IOS Android -Lot,$0.71 to $6.99,https://i.ebayimg.com/thumbs/images/m/m49IsddgN1VNZ4zvQ_ClKmg/s-l225.jpg
Bluetooth Wireless IP67Waterproof Stereo Earphone Earbud Sport Headset Headphone,$4.28 to $11.85,https://ir.ebaystatic.com/pictures/aw/pics/s_1x2.gif
Wireless Bluetooth Foldable Headset Stereo Headphone Earphone for iPhone Samsung,$4.95 ,https://ir.ebaystatic.com/pictures/aw/pics/s_1x2.gif
Dual Wireless Bluetooth Earbud Headset In-Ear Earphone for Apple iPhone X 8 7 US,$2.99 to $10.89,https://i.ebayimg.com/thumbs/images/m/mA3exr9bTe5aXnY4tRFL1tg/s-l225.jpg
3.5mm Mono Bodyguard Headset Security Headphone Anti-radiation Earphone Earbud,$4.16 ,https://ir.ebaystatic.com/pictures/aw/pics/s_1x2.gif
3.5mm Stereo In-ear Headphone Earbuds Earphone Headset for Samsung Xiaomi iPhone,$0.85 ,https://ir.ebaystatic.com/pictures/aw/pics/s_1x2.gif
Wireless Running Sports Bluetooth Headphones Headset Stereo Earphone HK,$7.01 ,https://ir.ebaystatic.com/pictures/aw/pics/s_1x2.gif
Auricolare vivavoce senza fili Bluetooth 4.0 Stereo HeadSet per iPhone Samsung,$1.71 ,https://ir.ebaystatic.com/pictures/aw/pics/s_1x2.gif
Wireless Bluetooth 4.1 Sweatproof Sport Gym Headset Stereo Headphone Earphone,$5.19 ,https://ir.ebaystatic.com/pictures/aw/pics/s_1x2.gif
Mini Wireless Bluetooth 4.1 Stereo Sports Headset Earphone Handfree Earbuds MIC,$1.98 ,https://ir.ebaystatic.com/pictures/aw/pics/s_1x2.gif
3.5mm In-Ear Zip Zipper STEREO Hands Free Headphones Headset + Mic Earphones JD,$1.39 ,https://ir.ebaystatic.com/pictures/aw/pics/s_1x2.gif
V9 Wireless Bluetooth Headset Handsfree Earpiece Noise Reduction Earbud With Mic,$8.79 ,https://ir.ebaystatic.com/pictures/aw/pics/s_1x2.gif
Wireless Dual Bluetooth Earbud Headset In-Ear Earphone for Apple iPhone X 8 7,$7.73 ,https://ir.ebaystatic.com/pictures/aw/pics/s_1x2.gif
Rock RAU050 Zircon Stereo Earphone In-Ear Headset with 3.5mm Earplugs Microphone,$9.68 to $10.32,https://ir.ebaystatic.com/pictures/aw/pics/s_1x2.gif
Bluetooth Wireless Earbud Headset In Ear Earphone For Android iPhone X 8 7 Plus,$6.89 ,https://ir.ebaystatic.com/pictures/aw/pics/s_1x2.gif
Cuffie con auricolari magnetici wireless auricolari stereo auricolare Bluetooth,$1.16 to $3.81,https://ir.ebaystatic.com/pictures/aw/pics/s_1x2.gif
Magnetic Wireless Bluetooth 4.2 Earphone Headset Sport Stereo Earbuds w/ Mic SW1,$0.71 to $4.21,https://ir.ebaystatic.com/pictures/aw/pics/s_1x2.gif
New Original OEM Samsung Galaxy S7 Edge Note 7 S6 Headset EO-EG920BW Headphones,$0.99 to $3.49,https://ir.ebaystatic.com/pictures/aw/pics/s_1x2.gif
Bluetooth 4.1 Wireless Sweatproof Sport Gym Headset Stereo Headphone Earphone,$3.99 ,https://ir.ebaystatic.com/pictures/aw/pics/s_1x2.gif
Mini Earbuds Wireless Bluetooth Earphone For Apple Air-pods iPhone 7 8 X Android,$4.07 to $13.57,https://ir.ebaystatic.com/pictures/aw/pics/s_1x2.gif
Wireless Earpods Bluetooth Headset Earphone Headphone case for i Phone 7 8,$6.49 ,https://ir.ebaystatic.com/pictures/aw/pics/s_1x2.gif
Magnetico Bluetooth 4.1 Cuffie S8 HD Mic Auricolare per Samsung iPhone Huawei AW,$1.16 to $2.42,https://ir.ebaystatic.com/pictures/aw/pics/s_1x2.gif
New Genuine Samsung Galaxy S7 Edge S6 Note 4 3 S5 Headphones Earphones Handsfree,$3.99 ,https://i.ebayimg.com/thumbs/images/g/tpwAAOSwt0FZC-1F/s-l225.jpg
10pcs In-Ear Headset Earphone Headphone Earbud+Mic for Samsung Galaxy  WT,$1.28 to $7.39,https://ir.ebaystatic.com/pictures/aw/pics/s_1x2.gif
Magnet Wireless Bluetooth Sports Earphone Headset Headphone For iPhone Samsung,$3.29 ,https://ir.ebaystatic.com/pictures/aw/pics/s_1x2.gif
Mini Stereo Wireless Bluetooth Earbud Headset In-Ear Earphone For IPhone X 7 8,$7.98 ,https://ir.ebaystatic.com/pictures/aw/pics/s_1x2.gif
Wireless Bluetooth Earphone Headphones Headset Sports Stereo For iPhone Samsung,$1.58 to $3.99,https://i.ebayimg.com/thumbs/images/m/m3r5AAYp_tH8FsJjChQ944w/s-l225.jpg
JBL T290 Earphones In Ear Earbuds Super Bass Stereo Headset + Mic for Smartphone,$8.99 ,https://ir.ebaystatic.com/pictures/aw/pics/s_1x2.gif
Mini Wireless Bluetooth 4.1 Stereo Waterproof Headset In-Ear Earphone Earbud MR,$5.99 to $6.79,https://ir.ebaystatic.com/pictures/aw/pics/s_1x2.gif
In-Ear Earbuds Headphone Bluetooth 4.2 Stereo Earphone Headset Wireless Magnetic,$2.65 ,https://i.ebayimg.com/thumbs/images/m/mTuNo1qpkEdso0im3O0K9fQ/s-l225.jpg
3.5mm In-Ear Headset Earbud Earphone Headphone For Mobile Cell Phone MP3 MP4 AU,$0.71 to $0.82,https://ir.ebaystatic.com/pictures/aw/pics/s_1x2.gif
Universal 3.5mm In-Ear Stereo Earbuds Fine Earphone For Samsung For iPhone Cool,$0.99 ,https://ir.ebaystatic.com/pictures/aw/pics/s_1x2.gif
Wireless Bluetooth 4.1 Stereo HeadSet Handsfree Earphone For iPhone Samsung LG,$0.75 to $1.76,https://ir.ebaystatic.com/pictures/aw/pics/s_1x2.gif
New Apple Earphones Headphones for iPhone 5 6 6s Mic Earpods UK,$2.97 ,https://ir.ebaystatic.com/pictures/aw/pics/s_1x2.gif
I7 Twins I7S TWS Earbuds Ture Wireless Bluetooth Double Earphones Stereo Headset,$4.28 ,https://ir.ebaystatic.com/pictures/aw/pics/s_1x2.gif
For Samsung Galaxy AKG S9 S9+ Earbuds Earphone Headphones Stereo Headset W/ Mic,$0.75 to $1.36,https://ir.ebaystatic.com/pictures/aw/pics/s_1x2.gif
Mini True Wireless Sport Earbuds Headset Bluetooth HIFI In Ear Stereo Headphones,$17.00 ,https://ir.ebaystatic.com/pictures/aw/pics/s_1x2.gif
3.5mm In-ear Mic Stereo Earbuds Headphone Earphone Headset for Universal Phone,$0.71 ,https://ir.ebaystatic.com/pictures/aw/pics/s_1x2.gif
Wireless Bluetooth Headset Sport Stereo Headphone Earphone For iPhone Samsung JP,$3.51 to $6.31,https://ir.ebaystatic.com/pictures/aw/pics/s_1x2.gif
3.5mm Stereo In-ear Headphone Earbuds Earphone Headset for Samsung Xiaomi iPhone,$0.75 ,https://ir.ebaystatic.com/pictures/aw/pics/s_1x2.gif
Bluetooth Headset Handsfree Wireless Earpiece Noise Reduction Earbud With Mic,$8.79 ,https://i.ebayimg.com/thumbs/images/g/thgAAOSwCBFavi~P/s-l225.jpg
New OEM Samsung Galaxy S8 S8+ S9 AKG Ear Buds Headphones Stereo Headset EO-IG955,$1.29 to $4.99,https://ir.ebaystatic.com/pictures/aw/pics/s_1x2.gif
Original Meizu EP51 Bluetooth Sports Earbuds Headset HiFi Mic for iphone samsung,$20.84 ,https://ir.ebaystatic.com/pictures/aw/pics/s_1x2.gif
OEM AKG Earphone Stereo Headphone Headset Handsfree For Samsung Galaxy S9 S8 s8+,$3.00 ,https://ir.ebaystatic.com/pictures/aw/pics/s_1x2.gif
New Hot 3.5mm Stereo In-ear Headset Earbuds Headphone Earphone for Mobile Phone,$0.71 ,https://ir.ebaystatic.com/pictures/aw/pics/s_1x2.gif
Meizu EP52 Wireless Bluetooth Sport Earphone Stereo Headset for samsung huawei,$34.99 ,https://ir.ebaystatic.com/pictures/aw/pics/s_1x2.gif
Wireless Bluetooth 4.1 Stereo Handsfree Earphone HeadSet For iPhone Samsung LG,$2.19 ,https://ir.ebaystatic.com/pictures/aw/pics/s_1x2.gif
Bluetooth 4.2 Stereo Earphone Headset Wireless Magnetic In-Ear Earbuds Headphone,$0.99 to $3.45,https://ir.ebaystatic.com/pictures/aw/pics/s_1x2.gif
Hot Bluetooth Wireless Stereo Headset Handfree Earphone for iPhone Samsung LG,$0.79 to $3.08,https://ir.ebaystatic.com/pictures/aw/pics/s_1x2.gif
Original Huawei AM115 Headset Earphones Stereo Headphone Mate/Honor/P7 8 9 etc.,$3.99 ,https://ir.ebaystatic.com/pictures/aw/pics/s_1x2.gif
Stereo 3.5mm Air Tube Anti-radiation Headsets Radiation Proof Headphone Earphone,$2.89 ,https://ir.ebaystatic.com/pictures/aw/pics/s_1x2.gif
NEW OEM-Samsung-Galaxy-S8 plus-AKG-Ear-Buds-Headphones-Stereo-Headset-EO-IG955,$0.99 to $3.88,https://ir.ebaystatic.com/pictures/aw/pics/s_1x2.gif
Twins Wireless Bluetooth Earphone Headphone Stereo Earbuds For iPhone X 7 8 Plus,$5.77 to $6.37,https://ir.ebaystatic.com/pictures/aw/pics/s_1x2.gif
Wireless Magnet Bluetooth 4.1 Stereo Earphone Earbuds Sport Headphone Headset,$1.99 to $4.99,https://ir.ebaystatic.com/pictures/aw/pics/s_1x2.gif
Bluetooth Stereo Headset Wireless In-Ear Earphone for Samsung iPhone Huawei LG,$3.99 to $4.29,https://ir.ebaystatic.com/pictures/aw/pics/s_1x2.gif
Mini TWS Wireless Bluetooth Stereo Headset Earphones Earbuds Headphone In-Ear,$6.37 ,https://i.ebayimg.com/thumbs/images/m/mw84FnQwCFpuWAaSPUAIUHQ/s-l225.jpg
i7s TWS Wireless Bluetooth Headset Earbuds Twins in-Ear-Earphone with Charge-Box,$1.95 to $7.69,https://ir.ebaystatic.com/pictures/aw/pics/s_1x2.gif
Wireless Bluetooth V4.1 Stereo Earphone Magnet Sport Headset Handsfree Universal,$4.39 to $4.69,https://ir.ebaystatic.com/pictures/aw/pics/s_1x2.gif
Mini Bluetooth Headset Stereo In-Ear Earphone Earbud Earpiece for Samsung iPhone,$3.99 ,https://ir.ebaystatic.com/pictures/aw/pics/s_1x2.gif
Wireless Magnetic Bluetooth 4.2 Stereo Earphone Headset In-Ear Earbuds Headphone,$1.24 to $4.73,https://ir.ebaystatic.com/pictures/aw/pics/s_1x2.gif
OEM Original Samsung Galaxy S6 S7 Edge S8 S9 + Note 8 Headset Earphone Earbud,$0.99 to $3.49,https://i.ebayimg.com/thumbs/images/m/m5oma_BkLFnAwGmrCPvO4nQ/s-l225.jpg
Wireless Bluetooth 4.1 Sweatproof Sport Gym Headset Stereo Headphone Earphone,$1.29 to $3.99,https://ir.ebaystatic.com/pictures/aw/pics/s_1x2.gif
10pcs In-Ear Headset Earphone Headphone Earbud+Mic for Samsung Galaxy U#,$6.16 ,https://ir.ebaystatic.com/pictures/aw/pics/s_1x2.gif
Wireless Earbuds Bluetooth Air-pods Headphones Headset For iPhone 7 8 X Android,$17.99 ,https://ir.ebaystatic.com/pictures/aw/pics/s_1x2.gif
Dual Wireless Bluetooth Earbud Headset In-Ear Earphone for Apple iPhone X 8 7 US,$10.88 ,https://ir.ebaystatic.com/pictures/aw/pics/s_1x2.gif
Skullcandy smokin buds 2&skullcadny ink'd 2.0 IN-EAR Earphones/Earbuds Headphone,$2.50 to $9.99,https://ir.ebaystatic.com/pictures/aw/pics/s_1x2.gif
Bluetooth Wireless Waterproof Stereo Earphone Earbud Sport Headset Headphone,"$10.49
									Trending at
									$13.97",https://i.ebayimg.com/thumbs/images/g/7zwAAOSwOZtbRcCw/s-l225.jpg
V9 Wireless Bluetooth 4.0 Headset Sports Headphone Earphone Handsfree Universal,$8.99 ,https://ir.ebaystatic.com/pictures/aw/pics/s_1x2.gif
Bluetooth 4.2 Stereo Earbuds Earphone Headset Wireless Magnetic In-Ear Headphone,$2.59 ,https://ir.ebaystatic.com/pictures/aw/pics/s_1x2.gif
NEW Volume Control Mic White Headphone Earphone for iPhone 6 6S Plus 5 5S 4 4S,$1.19 ,https://ir.ebaystatic.com/pictures/aw/pics/s_1x2.gif
I7s TWS True Wireless Bluetooth4.2 Auricolari Cuffie InEar Music Auricolari Mic,$6.54 ,https://ir.ebaystatic.com/pictures/aw/pics/s_1x2.gif
Gaming Headset Stereo Surround Headphone 3.5mm Wired With Mic For LOT FT PC,$2.50 to $12.05,https://ir.ebaystatic.com/pictures/aw/pics/s_1x2.gif
Mini Wireless Bluetooth 4.0 Stereo In-Ear Headset Earphone For Samsung iPhone LG,$2.99 to $3.49,https://ir.ebaystatic.com/pictures/aw/pics/s_1x2.gif
OEM For Samsung S9 S8  Plus Note 8 AKG Earphones Headphones Headset Handsfree KZ,$2.58 ,https://ir.ebaystatic.com/pictures/aw/pics/s_1x2.gif
OEM Samsung S9 S8 S8+ Note 8 AKG Earphones Headphones Headset Ear Buds EO-IG955,$4.73 ,https://i.ebayimg.com/thumbs/images/g/h0cAAOSw1WxbSu68/s-l225.jpg
BASS IN EAR EARBUD HEADPHONE EARPHONES SPORT HEADSET HANDS-FREE FOR MOBILE PHONE,$2.14 ,https://ir.ebaystatic.com/pictures/aw/pics/s_1x2.gif
Dual Wireless Bluetooth Earbud Headset In-Ear Earphone for Apple iPhone X 8 7 US,$3.29 to $10.99,https://i.ebayimg.com/thumbs/images/m/m04Md7YKT_gO0Z5mHcIfbpA/s-l225.jpg
3.5mm Stereo In-Ear Headset Earbuds Headphone Earphone With Mic for Cell Phone,$0.75 to $3.00,https://ir.ebaystatic.com/pictures/aw/pics/s_1x2.gif
3.5mm Stereo In-Ear Headphone Earbuds Earphone Headset for Samsung Xiaomi iPhone,$0.90 ,https://ir.ebaystatic.com/pictures/aw/pics/s_1x2.gif
Hot Premium Headset Handsfree Earphone For Samsung Galaxy S6 Edge Universal,$0.71 ,https://ir.ebaystatic.com/pictures/aw/pics/s_1x2.gif
Hot Sport Magnetic Wireless Bluetooth 4.2 Earphone Headset Stereo Bass Headphone,$0.71 to $2.57,https://ir.ebaystatic.com/pictures/aw/pics/s_1x2.gif
i7 TWS Mini Bluetooth Auriculares Inalámbricos Estéreo para Android Samsung,$6.76 ,https://ir.ebaystatic.com/pictures/aw/pics/s_1x2.gif
KZ ATE 3.5mm In Ear Earphones HIFI Metal Headphones Headsets Super Bass Earbuds,$10.55 to $11.25,https://ir.ebaystatic.com/pictures/aw/pics/s_1x2.gif
Heavy Bass Headphone Noise Cancelling Wireless Bluetooth Earphone Headset AZ64,$9.49 to $23.04,https://ir.ebaystatic.com/pictures/aw/pics/s_1x2.gif
3.5mm With Mic Super Bass Music In ear Stereo Headphone Headset Earphone Earbuds,$4.79 ,https://ir.ebaystatic.com/pictures/aw/pics/s_1x2.gif
Foldable Wireless Bluetooth Stereo Headset Headphones Mic for iPhone Samsung Pad,$4.55 to $13.10,https://ir.ebaystatic.com/pictures/aw/pics/s_1x2.gif
Earphone Earbud Headset Hands Free Headphone For SAMSUNG*Galaxy S5 S4 S3 Note,$0.75 to $1.11,https://ir.ebaystatic.com/pictures/aw/pics/s_1x2.gif
Xiaomi 2nd Piston Earphones Earbuds In-Ear &Mic Remote Wire Control headphone EA,$0.92 to $6.33,https://ir.ebaystatic.com/pictures/aw/pics/s_1x2.gif
For iPhone X Airpods Wireless Bluetooth Headset Earphones+Charging Station,$7.59 to $12.34,https://ir.ebaystatic.com/pictures/aw/pics/s_1x2.gif
Mi Xiaomi 3.5mm Piston 3 In-Ear With Mic Earphone Headphone Fresh Edition,$5.25 to $5.95,https://ir.ebaystatic.com/pictures/aw/pics/s_1x2.gif
Wireless Bluetooth 4.1 Headset In-ear Earbud Mini Earphone Headphone Universal,$4.69 ,https://ir.ebaystatic.com/pictures/aw/pics/s_1x2.gif
10pcs In-Ear Headset Earphone Headphone Earbud+Mic for Samsung Galaxy S7 FT,$5.44 ,https://ir.ebaystatic.com/pictures/aw/pics/s_1x2.gif
For Apple Airpods iPhone 7 8 Plus X Wireless Bluetooth Earphone Headset AU 2018,$8.25 to $9.50,https://ir.ebaystatic.com/pictures/aw/pics/s_1x2.gif
Wireless Bluetooth Headset Stereo Headphone Sport Earphone Handfree for iPhone,$4.59 ,https://ir.ebaystatic.com/pictures/aw/pics/s_1x2.gif
New XIAOMI Piston3 III Headset earphone Headphone W/Remote & Mic Black,$3.52 ,https://ir.ebaystatic.com/pictures/aw/pics/s_1x2.gif
New 3.5mm In-ear Stereo Earbuds Headphone Earphone Headset for All Mobile Phone,$0.71 ,https://ir.ebaystatic.com/pictures/aw/pics/s_1x2.gif
New 3.5mm In-ear Stereo Headphone Earphone Headset for xiaomi Samsung All Phone,$0.71 ,https://ir.ebaystatic.com/pictures/aw/pics/s_1x2.gif
Auricolari Cuffie wireless sport Bluetooth 4.2 stereo +Microfono Per Smartphone,$1.16 to $4.03,https://i.ebayimg.com/thumbs/images/m/m_oEMusnurPhVJELwHDHxmQ/s-l225.jpg
Headset In-Ear Earphone Handsfree with Mic For Samsung S7 S8 S6 Edge Note 4 Edge,$0.99 ,https://ir.ebaystatic.com/pictures/aw/pics/s_1x2.gif
Original Xiaomi Bluetooth 4.1 In-Ear Handsfree Headset Headphone Earphone w/MIC,$11.56 ,https://ir.ebaystatic.com/pictures/aw/pics/s_1x2.gif
Bluetooth 4.1 Headset Earphone Adapter Receiver 3.5mm Aux Headphone Handfree,$2.64 ,https://ir.ebaystatic.com/pictures/aw/pics/s_1x2.gif
Wireless Magnet Headset Bluetooth Sport Earphone Headphone For iPhone/Samsung/LG,$2.89 ,https://ir.ebaystatic.com/pictures/aw/pics/s_1x2.gif
3.5mm In-ear Headphone Stereo Earbuds Earphone Headset With Mic For Xiaomi MI,$0.86 ,https://ir.ebaystatic.com/pictures/aw/pics/s_1x2.gif
100%…Genuine Original 3.5mm In-Ear Earphone Headphone Handsfree For Xiaomi Redmi,$1.28 ,https://ir.ebaystatic.com/pictures/aw/pics/s_1x2.gif
Bluedio Turbine Hurricane HT Bluetooth 4.1 Wireless Stereo Headphones Headset,$18.99 ,https://ir.ebaystatic.com/pictures/aw/pics/s_1x2.gif
NEW i7s TWS Wireless Bluetooth Headset Noise Cancellation Earbuds Charging Dock,$7.49 to $9.35,https://ir.ebaystatic.com/pictures/aw/pics/s_1x2.gif
Wireless Bluetooth Headphone Folding Headset Stereo Heavy Bass Earphone Handfree,$5.59 to $19.59,https://ir.ebaystatic.com/pictures/aw/pics/s_1x2.gif
OEM Original Stereo Headset Earphone Mic For Samsung Galaxy S5 S4 S3 S2 Note 2 3,$3.88 ,https://ir.ebaystatic.com/pictures/aw/pics/s_1x2.gif
F-980 Original FineBlue Wireless Bluetooth Headset Earphone In-ear Earbud Clip,$13.30 ,https://i.ebayimg.com/thumbs/images/m/mM_2zVg6NilB_qP7eU1eppg/s-l225.jpg
Bluetooth Wireless Stereo Headset Handfree Nero Earphone Cuffie Sport Universal,$1.91 to $6.24,https://ir.ebaystatic.com/pictures/aw/pics/s_1x2.gif
AKG Headset Headphone In-Ear Earphone For Samsung Galaxy S8 S9 Note8 S6 Edge Lot,$4.73 to $255.53,https://ir.ebaystatic.com/pictures/aw/pics/s_1x2.gif
3.5mm In-ear Super Bass Headphone Earphone Headset Earbuds for Cellphone,$0.88 to $1.06,https://ir.ebaystatic.com/pictures/aw/pics/s_1x2.gif
For iPhone Xiaomi 3.5mm Stereo Piston In-Ear Earphone Headset Headphone WITH Mic,$0.81 to $1.97,https://ir.ebaystatic.com/pictures/aw/pics/s_1x2.gif
Stereo Wireless 4.1 Bluetooth Handsfree Headset Earphone for iPhone Samsung LG,$7.89 to $11.99,https://ir.ebaystatic.com/pictures/aw/pics/s_1x2.gif
Wireless Magnet Bluetooth 4.1 Stereo Earphone Earbuds Sport Headphone Headset,$2.99 ,https://ir.ebaystatic.com/pictures/aw/pics/s_1x2.gif
For iPhone Android Mini Wireless Bluetooth Earphone In Ear Stereo Earbud Headset,$6.99 to $7.99,https://ir.ebaystatic.com/pictures/aw/pics/s_1x2.gif
For Samsung Galaxy S8/S8+ Earbuds Earphone Headphones Stereo In-Ear Headset,$1.29 ,https://ir.ebaystatic.com/pictures/aw/pics/s_1x2.gif
Universal Wireless Bluetooth HandFree Sport Stereo Headset Headphone Earphone US,$3.09 to $3.39,https://ir.ebaystatic.com/pictures/aw/pics/s_1x2.gif
Mini Wireless Bluetooth 4.0 Stereo In-Ear Headset Earphone For Samsung iphone .,$1.19 to $2.76,https://i.ebayimg.com/thumbs/images/m/m9R1t9_8Lx2PjluV2KtXk6w/s-l225.jpg
Mini Wireless Bluetooth 4.1 Stereo In-Ear Headset Earphone Earbud Earpiece Sport,$1.98 ,https://ir.ebaystatic.com/pictures/aw/pics/s_1x2.gif
Unisex Bluetooth Wireless Warm Beanie Hat Handsfree Music Cap Headphone Headset,$6.59 ,https://ir.ebaystatic.com/pictures/aw/pics/s_1x2.gif
Original Xiaomi Bluetooth Earphone Stereo Hybrid Mini Wireless Headset with Mic,$9.99 ,https://ir.ebaystatic.com/pictures/aw/pics/s_1x2.gif
Painted TWS Stereo Earphones Wireless Sports Headphones Headset for Xiaomi lot,$2.14 to $8.57,https://ir.ebaystatic.com/pictures/aw/pics/s_1x2.gif
Wireless Bluetooth Hands-free Headset Headphone Ear-Hook Earphone For Cellphone,$5.17 ,https://ir.ebaystatic.com/pictures/aw/pics/s_1x2.gif
GENUINE-Earphones-Headset-Samsung-Galaxy-S6-S7-Edge-Note-4-NOTE-5 s8 and iphone,$0.99 to $2.99,https://ir.ebaystatic.com/pictures/aw/pics/s_1x2.gif
For Samsung Galaxy S8/S8+ AKG Earbuds Earphone Headphones Stereo In-Ear Headset,$0.99 to $1.39,https://ir.ebaystatic.com/pictures/aw/pics/s_1x2.gif
Bluetooth 4.1 Wireless Handsfree Stereo Earphone Headset For Samsung iPhone HTC,$8.01 ,https://ir.ebaystatic.com/pictures/aw/pics/s_1x2.gif
In-ear headphones earphones volume control mic for iphone 6 6s plus 5 5s,$1.38 ,https://ir.ebaystatic.com/pictures/aw/pics/s_1x2.gif
Single Wireless Bluetooth Earbud Headset In-Ear Earphone for iPhoneX 8 7 Android,$2.59 to $2.69,https://ir.ebaystatic.com/pictures/aw/pics/s_1x2.gif
Universal I7S TWS Wireless Earbuds Bluetooth Earphones Headset + Charging Box,$6.04 ,https://ir.ebaystatic.com/pictures/aw/pics/s_1x2.gif
